BBL,price,cap_rate,borough_cap_rate,Latitude,Longitude,BIN,deed_date,watchlist,Owner,Total_Units,Residential_Units,Buildings,Stories,Land_Market_Value,Total_Market_Value,Transitional_Assesed_Land_Value,"Transitional_Assessed_Total_Value,",Actual_Assesed_Land_Value,"Actual_Assessed_Total_Value,",5_Year_Exemption_Flags,Exempt_Total_Value
1002380040,22600000,0.02638,0.03329,40.71781,-73.99690799999998,1003114.0,2018-09-14,0.0,116 MOTT ST CORP,35.0,30.0,1.0,6.0,670000.0,2410000.0,276300.0,704700.0,301500.0,1084500.0,,0.0
1002770002,12000000,0.016030000000000003,0.03345,40.712142,-73.996259,1003329.0,2018-04-25,0.0,KUAN LEE LAI SI RLTYI,30.0,28.0,1.0,6.0,475000.0,579000.0,213750.0,341460.0,213750.0,260550.0,,0.0
1003100003,7100000,0.02758,0.03345,40.71605,-73.990415,1004021.0,2018-05-09,0.0,"LEE, JACKSON",18.0,16.0,1.0,5.0,335000.0,1710000.0,143100.0,443520.0,150750.0,769500.0,,0.0
1003790037,786751,0.6459600000000001,0.03329,40.724379,-73.975536,1004556.0,2018-08-07,1.0,RED MAN TAKES IT BACK,22.0,20.0,1.0,6.0,175000.0,3180000.0,78750.0,591390.0,78750.0,1431000.0,,0.0
1003790037,904764,0.56171,0.03329,40.724379,-73.975536,1004556.0,2018-08-07,1.0,RED MAN TAKES IT BACK,22.0,20.0,1.0,6.0,175000.0,3180000.0,78750.0,591390.0,78750.0,1431000.0,,0.0
1003790037,983439,0.51677,0.03329,40.724379,-73.975536,1004556.0,2018-08-07,1.0,RED MAN TAKES IT BACK,22.0,20.0,1.0,6.0,175000.0,3180000.0,78750.0,591390.0,78750.0,1431000.0,,0.0
1003790037,1258802,0.40373,0.03329,40.724379,-73.975536,1004556.0,2018-08-07,1.0,RED MAN TAKES IT BACK,22.0,20.0,1.0,6.0,175000.0,3180000.0,78750.0,591390.0,78750.0,1431000.0,,0.0
1004410020,28250000,0.03607,0.03329,40.730876,-73.9814,1077676.0,2018-08-14,1.0,"KREUTE, HARRIET",51.0,45.0,3.0,5.0,1610000.0,3480000.0,724500.0,1325700.0,724500.0,1566000.0,,0.0
1005510016,45000000,0.01841,0.03345,40.730883,-73.99759300000002,1000000.0,2018-06-21,0.0,27 LLC,28.0,27.0,1.0,7.0,1130000.0,3260000.0,508500.0,1301400.0,508500.0,1467000.0,,0.0
1006250056,15900000,0.03957,0.03329,40.737904,-74.004417,1078204.0,2018-09-28,1.0,MARUCCIA INC,20.0,19.0,3.0,5.0,1500000.0,2690000.0,675000.0,1023050.0,675000.0,1210500.0,,0.0
1007650001,83000000,0.03784,0.03329,40.740534,-74.001941,1081536.0,2018-09-28,1.0,102-116 EIGHTH AVENUE,225.0,206.0,8.0,5.0,3380000.0,10300000.0,1521000.0,4306500.0,1521000.0,4635000.0,,0.0
1007920020,41409879,0.02082,0.03345,40.739079,-73.996781,1014575.0,2018-04-05,0.0,125 W16 ST CP,44.0,43.0,1.0,6.0,1740000.0,3500000.0,783000.0,1608300.0,783000.0,1575000.0,,0.0
1008280001,363508320,0.05891,0.03345,40.74489000000001,-73.991342,1015632.0,2018-06-30,1.0,CHELSEA NEW YORK REAL,401.0,387.0,1.0,37.0,18400000.0,100000000.0,8280000.0,44091000.0,8280000.0,45000000.0,EEEE,15827245.0
1010550055,2643864,0.12502,0.03329,40.7618,-73.992719,1026468.0,2018-09-21,1.0,444 WEST 46TH STREET,20.0,20.0,1.0,5.0,269000.0,1280000.0,121050.0,493650.0,121050.0,576000.0,,0.0
1010640056,9900000,0.02358,0.03345,40.76721,-73.988087,1026804.0,2018-06-25,0.0,448 WEST 55TH STREET,20.0,20.0,1.0,5.0,171000.0,934000.0,76950.0,374850.0,76950.0,420300.0,,0.0
1011710062,416100000,0.05297,0.03329,40.77506500000001,-73.98863399999998,1085785.0,2018-09-13,1.0,ASN WEST LLC,506.0,503.0,1.0,33.0,15000000.0,106000000.0,6750000.0,44777000.0,6750000.0,47700000.0,EEEE,52047900.0
1012360033,7200000,0.03123,0.03329,40.789269,-73.973869,1033296.0,2018-08-14,0.0,CITY OF NEW YORK,19.0,18.0,1.0,5.0,361000.0,955000.0,162450.0,331920.0,162450.0,429750.0,,0.0
1012360034,8600000,0.01738,0.03329,40.789335,-73.973825,1033297.0,2018-08-14,0.0,CITY OF NEW YORK,19.0,18.0,1.0,5.0,361000.0,577000.0,162450.0,269820.0,162450.0,259650.0,,0.0
1012360035,8600000,0.01863,0.03329,40.789393,-73.973782,1033298.0,2018-08-14,0.0,CITY OF NEW YORK,19.0,18.0,1.0,5.0,360000.0,725000.0,162000.0,283770.0,162000.0,326250.0,,0.0
1012360036,8600000,0.02048,0.03329,40.789453,-73.973739,1033299.0,2018-08-14,0.0,CITY OF NEW YORK,16.0,13.0,1.0,5.0,368000.0,982000.0,165600.0,335790.0,165600.0,441900.0,,0.0
1012530045,30000000,0.025730000000000003,0.03345,40.79495900000001,-73.974614,1034185.0,2018-06-01,0.0,GREENSPAN ABRAHAM,24.0,24.0,1.0,7.0,1680000.0,3450000.0,756000.0,1499400.0,756000.0,1552500.0,,0.0
1013290035,25000000,0.03623,0.03329,40.759281,-73.967343,1038587.0,2018-08-06,1.0,HUGUEL CORP,60.0,60.0,1.0,5.0,866000.0,3260000.0,389700.0,1387800.0,389700.0,1467000.0,,0.0
1013290121,19500000,0.01926,0.03345,40.758518,-73.967434,1038588.0,2018-04-19,0.0,AINTREE REALTY INC,13.0,12.0,1.0,4.0,752000.0,1850000.0,338400.0,749700.0,338400.0,832500.0,,0.0
1014290001,8095334,0.05938,0.03345,40.771199,-73.959532,1044019.0,2018-06-28,1.0,EAST MANHATTAN HOLDIN,17.0,15.0,1.0,5.0,1500000.0,2300000.0,675000.0,981000.0,675000.0,1035000.0,,0.0
1015590047,14938625,0.01527,0.03345,40.772772,-73.95235699999998,1050354.0,2018-04-12,0.0,JIM JAY REST INC,11.0,9.0,1.0,4.0,335000.0,986000.0,150750.0,476730.0,150750.0,443700.0,,0.0
1016240021,25450000,0.01877,0.03345,40.785738,-73.9506,1051704.0,2018-05-31,0.0,AKIVAH J. WOLFSON LIM,40.0,40.0,1.0,5.0,865000.0,2520000.0,389250.0,1038600.0,389250.0,1134000.0,,0.0
1018720061,64500000,0.02274,0.03329,40.798239,-73.971019,1056493.0,2018-07-31,0.0,ZAUDERER REALTY ASSOC,69.0,69.0,1.0,12.0,1400000.0,7180000.0,630000.0,2747700.0,630000.0,3231000.0,,0.0
1018770035,6850000,0.04548,0.03329,40.800271,-73.965846,1056618.0,2018-07-25,1.0,PINNACLE AMSTERDAM L,14.0,13.0,1.0,5.0,275000.0,921000.0,123750.0,357480.0,123750.0,414450.0,,0.0
1018770036,6850000,0.05389,0.03329,40.80034000000001,-73.965795,1056619.0,2018-07-25,1.0,PINNACLE AMSTERDAM L,16.0,13.0,1.0,5.0,240000.0,1010000.0,108000.0,350550.0,108000.0,454500.0,,0.0
1019030062,5225000,0.02658,0.03345,40.804937,-73.951261,1057518.0,2018-05-17,0.0,CASHMERE REALTY CORP,20.0,20.0,1.0,5.0,40000.0,482000.0,18000.0,232380.0,18000.0,216900.0,,0.0
1019880086,7200000,0.02941,0.03345,40.819296,-73.95304300000002,1059785.0,2018-04-05,0.0,RISING DEVELOPMENT-52,20.0,20.0,1.0,5.0,72200.0,374000.0,32490.0,226260.0,32490.0,168300.0,,0.0
1019880101,7210000,0.01865,0.03345,40.819153,-73.952689,1059794.0,2018-05-03,0.0,505 W 135 ST RLTY CP,21.0,21.0,1.0,5.0,122000.0,647000.0,54900.0,263700.0,54900.0,291150.0,,0.0
1020230015,2400000,0.04993,0.03329,40.817115,-73.943955,1060207.0,2018-09-05,1.0,DOROTHY E BERRY,11.0,11.0,1.0,5.0,94900.0,598000.0,42705.0,124020.0,42705.0,269100.0,,0.0
1020710015,9200000,0.02972,0.03345,40.822342,-73.95180500000002,1061730.0,2018-05-14,0.0,51 HAMILTON PLCE RTYI,29.0,29.0,1.0,6.0,141000.0,1600000.0,63450.0,607590.0,63450.0,720000.0,,0.0
1020710061,26200000,0.017669999999999998,0.03345,40.822973,-73.952961,1061751.0,2018-06-26,0.0,556 WEST 140TH STREET,58.0,51.0,1.0,6.0,528000.0,2310000.0,237600.0,745200.0,237600.0,1039500.0,,0.0
1020720001,18450000,0.031580000000000004,0.03329,40.823231,-73.952433,1061758.0,2018-09-24,0.0,WINGATE HALL CO,42.0,36.0,1.0,6.0,632000.0,2100000.0,284400.0,925200.0,284400.0,945000.0,,0.0
1020720006,7425000,0.03086,0.03329,40.822896,-73.951859,1061759.0,2018-07-24,0.0,"561 BUILDING CO.,INC.",26.0,26.0,1.0,5.0,89200.0,1080000.0,40140.0,383940.0,40140.0,486000.0,,0.0
1020840062,6255000,0.02244,0.03345,40.831285,-73.94689100000002,1062252.0,2018-04-24,0.0,3694 BROADWAY HOLDING,24.0,24.0,1.0,6.0,66700.0,617000.0,30015.0,201510.0,30015.0,277650.0,,0.0
1020870097,18000000,0.04083,0.03329,40.822927,-73.953022,1062311.0,2018-08-06,1.0,600 REALTY HEIGHTS L,35.0,31.0,1.0,6.0,271000.0,1220000.0,121950.0,691200.0,121950.0,549000.0,,0.0
1021100070,4795000,0.029230000000000006,0.03345,40.836877,-73.938022,1062622.0,2018-04-17,0.0,WASHINGTON HEIGHTS AP,20.0,20.0,1.0,5.0,133000.0,628000.0,59850.0,284670.0,59850.0,282600.0,,0.0
1021110044,4790000,0.03595,0.03329,40.837991,-73.93826999999997,1062644.0,2018-09-26,1.0,2119 AMSTERDAM AVE. L,14.0,13.0,1.0,5.0,54400.0,672000.0,24480.0,247410.0,24480.0,302400.0,,0.0
1021110050,8500000,0.04221,0.03329,40.838219,-73.93810400000002,1062647.0,2018-08-07,1.0,R C REALTY CO,24.0,21.0,1.0,6.0,215000.0,1080000.0,96750.0,433710.0,96750.0,486000.0,,0.0
1021260048,4900000,0.02855,0.03329,40.840609,-73.936746,1063032.0,2018-07-11,0.0,"KISS, MATILDA",24.0,24.0,1.0,6.0,115000.0,547000.0,51750.0,236070.0,51750.0,246150.0,,0.0
1021320021,13650000,0.03186,0.03345,40.846377,-73.934048,1063183.0,2018-06-25,0.0,SAREX SETAI LLC,45.0,43.0,1.0,6.0,603000.0,1700000.0,271350.0,693000.0,271350.0,765000.0,,0.0
1021390517,19550000,0.030910000000000007,0.03345,40.84775,-73.940557,1063448.0,2018-06-19,0.0,L & L REALTY EQUITIES,43.0,43.0,1.0,6.0,465000.0,2400000.0,209250.0,762300.0,209250.0,1080000.0,,0.0
1021650065,6800000,0.02997,0.03329,40.850806,-73.932659,1063958.0,2018-09-27,0.0,LOMA RLTY CORP,25.0,22.0,1.0,6.0,330000.0,1190000.0,148500.0,466950.0,148500.0,535500.0,,0.0
1021730021,5125000,0.04263,0.03329,40.860861,-73.926735,1064151.0,2018-09-07,1.0,131 MANHATTAN LLC,24.0,24.0,1.0,5.0,110000.0,768000.0,49500.0,295400.0,49500.0,345600.0,,0.0
2022930056,8500000,0.02792,0.03665,40.815325,-73.9159,2000539.0,2018-05-10,0.0,HORIZON REALTY MANAG,20.0,16.0,1.0,5.0,62800.0,745000.0,28260.0,285930.0,28260.0,335250.0,,0.0
2023810045,3900000,0.04112,0.03665,40.822618,-73.912773,2001481.0,2018-05-10,1.0,830 ELTON LLC,21.0,21.0,1.0,5.0,44700.0,595000.0,20115.0,244670.0,20115.0,267750.0,,0.0
2023810049,1000000,0.13277,0.03665,40.82298,-73.912245,2001482.0,2018-06-27,1.0,454 E 160 ST CORP,30.0,28.0,1.0,5.0,44800.0,461000.0,20160.0,192780.0,20160.0,207450.0,,0.0
2024040024,2450000,0.0453,0.03665,40.821821,-73.915111,2001747.0,2018-05-10,1.0,"DEL CONTE, PAUL",15.0,12.0,1.0,5.0,20000.0,1025000.0,9000.0,344586.0,9000.0,461250.0,,0.0
2024340004,1616000,0.04119,0.03665,40.830735,-73.91456099999998,2002252.0,2018-05-30,1.0,"TAUROS FORCE, INC.",11.0,11.0,1.0,5.0,31900.0,560000.0,14355.0,281610.0,14355.0,252000.0,,0.0
2024560032,2554000,0.04264,0.03665,40.830607,-73.918775,2002731.0,2018-06-15,1.0,1048 SHERIDAN AVE. LL,15.0,15.0,1.0,5.0,32100.0,878000.0,14445.0,214920.0,14445.0,395100.0,EEEE,123255.0
2024560034,2823000,0.03377,0.03665,40.830664,-73.918739,2002732.0,2018-06-15,0.0,1052 SHERIDAN AVE. LL,15.0,15.0,1.0,5.0,32100.0,878000.0,14445.0,214920.0,14445.0,395100.0,EEEE,173655.0
2024560036,3092000,0.03075,0.03665,40.830722,-73.918706,2002733.0,2018-06-15,0.0,1056 SHERIDAN AVE. LL,15.0,15.0,1.0,5.0,32100.0,878000.0,14445.0,214920.0,14445.0,395100.0,,0.0
2024560037,5220000,0.0365,0.03665,40.83077700000001,-73.918674,2002734.0,2018-06-15,0.0,1060 SHERIDAN AVE. LL,30.0,30.0,1.0,5.0,76000.0,1520000.0,34200.0,395640.0,34200.0,684000.0,EEEE,359550.0
2024560040,3211000,0.04355,0.03665,40.830834,-73.91864100000002,2002735.0,2018-06-15,1.0,1064 SHERIDAN AVE. LL,20.0,20.0,1.0,5.0,40000.0,806000.0,18000.0,243000.0,18000.0,362700.0,EEEE,225000.0
2024570010,5170000,0.03941,0.034260000000000006,40.835266,-73.916955,2002767.0,2018-09-06,1.0,1236 GRAND CONCOURSE,31.0,31.0,1.0,5.0,80500.0,212000.0,36225.0,258490.0,36225.0,95400.0,,0.0
2026090046,7213000,0.03709,0.03665,40.82971,-73.905132,2004218.0,2018-06-26,1.0,U S INDUSTRIAL SERVIC,43.0,43.0,1.0,5.0,94200.0,1400000.0,42390.0,466830.0,42390.0,630000.0,,0.0
2026800077,4180000,0.03904,0.03665,40.825854,-73.899063,2005040.0,2018-04-24,1.0,"1095 PROSPECT MJ, INC",24.0,22.0,1.0,6.0,45100.0,813000.0,20295.0,310410.0,20295.0,365850.0,,0.0
2027260066,8150000,0.03005,0.034260000000000006,40.824536,-73.89295899999998,2005798.0,2018-08-08,0.0,A G MAXIMUS CONSTRUCT,37.0,33.0,1.0,6.0,62600.0,1380000.0,28170.0,620369.0,28170.0,621000.0,EEEE,155094.0
2027570050,2050000,0.05458,0.034260000000000006,40.82525800000001,-73.88726700000002,2006284.0,2018-07-26,1.0,165TH STREET BRONX LL,11.0,11.0,1.0,5.0,40000.0,1230000.0,18000.0,303030.0,18000.0,553500.0,,0.0
2027630220,8706380,0.02906,0.034260000000000006,40.816057,-73.88594599999998,2006552.0,2018-07-26,0.0,769 REALTY ASSOCIATES,47.0,45.0,1.0,5.0,107000.0,993000.0,48150.0,420660.0,48150.0,446850.0,EEEE,29024.0
2027960050,5100000,0.04285,0.034260000000000006,40.845187,-73.90776600000002,2007433.0,2018-08-22,1.0,2025 LLC,38.0,38.0,1.0,6.0,54900.0,850000.0,24705.0,375570.0,24705.0,382500.0,,0.0
2028100050,5660000,0.02866,0.034260000000000006,40.84976,-73.904756,2007731.0,2018-09-13,0.0,ANVERNIC,31.0,31.0,1.0,6.0,44900.0,761000.0,20205.0,384300.0,20205.0,342450.0,,0.0
2028440105,11989543,0.0329,0.034260000000000006,40.840561,-73.914173,2008120.0,2018-07-10,0.0,RIDGE HOLD CORP,73.0,73.0,1.0,6.0,156000.0,3070000.0,70200.0,960300.0,70200.0,1381500.0,,0.0
2028440105,14000000,0.02818,0.034260000000000006,40.840561,-73.914173,2008120.0,2018-07-10,0.0,RIDGE HOLD CORP,73.0,73.0,1.0,6.0,156000.0,3070000.0,70200.0,960300.0,70200.0,1381500.0,,0.0
2029130043,3500000,0.03895,0.03665,40.838595,-73.902015,2009557.0,2018-04-24,1.0,TAOS 495 CLARMONT PAR,20.0,18.0,1.0,5.0,41400.0,984000.0,15876.0,229950.0,18630.0,442800.0,,0.0
2030000007,5200000,0.02882,0.03665,40.83204600000001,-73.887743,2010845.0,2018-06-07,0.0,RAHG REALTY CORP.,25.0,25.0,1.0,5.0,44800.0,673000.0,20160.0,268650.0,20160.0,302850.0,,0.0
2030310060,4732800,0.02598,0.034260000000000006,40.857166,-73.893647,2011210.0,2018-07-26,0.0,4585-89 REALTY ASSOCI,25.0,25.0,1.0,5.0,50000.0,625000.0,22500.0,258660.0,22500.0,281250.0,EEE,0.0
2030310063,4794425,0.02276,0.034260000000000006,40.856947,-73.893814,2011211.0,2018-07-26,0.0,4585-89 REALTY ASSOCI,25.0,25.0,1.0,5.0,50000.0,600000.0,22500.0,285750.0,22500.0,270000.0,,0.0
2030580042,6416395,0.02033,0.034260000000000006,40.858148,-73.890089,2011777.0,2018-07-26,0.0,BRANCH ASSOCIATES LLC,30.0,30.0,1.0,5.0,50000.0,655000.0,22500.0,308070.0,22500.0,294750.0,EEEE,155126.0
2031540035,6800000,0.04747,0.03665,40.862959,-73.89536600000002,2013612.0,2018-05-31,1.0,2537 MOYBROS REALTY C,52.0,52.0,1.0,5.0,111000.0,2050000.0,49950.0,671400.0,49950.0,922500.0,,0.0
2031820031,5400000,0.03772,0.034260000000000006,40.857618,-73.902229,2013992.0,2018-09-14,1.0,MAINSTREAM PROPERTYHO,28.0,25.0,1.0,6.0,55000.0,563000.0,24750.0,308880.0,24750.0,253350.0,,0.0
2032140082,6314000,0.04002,0.03665,40.865693,-73.90191300000002,2014667.0,2018-05-09,1.0,2541 AQUEDUCT ASSOCIA,37.0,37.0,1.0,6.0,71100.0,1210000.0,31995.0,556740.0,31995.0,544500.0,,0.0
2032210013,2375000,0.032260000000000004,0.034260000000000006,40.854691,-73.914375,2014854.0,2018-07-24,0.0,EMANCO REALTY CORP.,11.0,11.0,1.0,5.0,36100.0,492000.0,16245.0,169740.0,16245.0,221400.0,,0.0
2032540065,10060000,0.03831,0.034260000000000006,40.876985,-73.89917,2015613.0,2018-09-06,1.0,3115 SEDGWICK CORP,57.0,57.0,1.0,6.0,158000.0,974000.0,71100.0,525060.0,71100.0,438300.0,,0.0
2032580050,15000000,0.0317,0.034260000000000006,40.879027,-73.89955,2015810.0,2018-07-30,0.0,FORT SHERI REALTY LLC,84.0,80.0,1.0,5.0,312000.0,2300000.0,140400.0,1027800.0,140400.0,1035000.0,,0.0
2032860051,6288000,0.02874,0.034260000000000006,40.862931,-73.892217,2016602.0,2018-08-31,0.0,O E L RLTY CORP,38.0,38.0,1.0,5.0,79300.0,620000.0,35685.0,417240.0,35685.0,279000.0,,0.0
2033040061,8000000,0.03835,0.034260000000000006,40.866248,-73.89280500000002,2017137.0,2018-08-13,1.0,371 E.165 EQUITIES LL,45.0,45.0,1.0,5.0,102000.0,1380000.0,45900.0,532800.0,45900.0,621000.0,,0.0
2033080012,7250000,0.031160000000000007,0.034260000000000006,40.873714,-73.885594,2017237.0,2018-09-05,0.0,NARET REALTY LLC,43.0,43.0,1.0,6.0,105000.0,1020000.0,47250.0,490500.0,47250.0,459000.0,,0.0
2033160026,6600000,0.0326,0.034260000000000006,40.86804,-73.89551,2017477.0,2018-07-12,0.0,BILYNN REALTY II LLC,38.0,38.0,1.0,5.0,79700.0,513000.0,35865.0,323010.0,35865.0,230850.0,,0.0
2033170043,10150000,0.03172,0.034260000000000006,40.86808900000001,-73.895499,2092514.0,2018-07-12,0.0,BILYNN RLTY CORP,55.0,54.0,1.0,5.0,123000.0,881000.0,55350.0,444420.0,55350.0,396450.0,,0.0
2033240111,1771889,0.05235,0.03665,40.881853,-73.883573,2017702.0,2018-04-24,1.0,MOSHOLU PRESERVATIONC,13.0,13.0,1.0,3.0,59800.0,420000.0,26910.0,171720.0,26910.0,189000.0,,0.0
2033270126,7628111,0.03936,0.03665,40.881102,-73.881704,2017779.0,2018-04-24,1.0,MOSHOLU PRESERVATIONC,44.0,44.0,1.0,6.0,131000.0,1670000.0,58950.0,543330.0,58950.0,751500.0,EEEE,283000.0
2033330009,7840000,0.03392,0.034260000000000006,40.87241,-73.87988299999998,2017938.0,2018-09-06,0.0,TEN SEVENTY ONE HOMEC,36.0,36.0,1.0,6.0,109000.0,1260000.0,49050.0,483120.0,49050.0,567000.0,,0.0
2033330052,5450000,0.03462,0.034260000000000006,40.871778000000006,-73.879338,2017957.0,2018-08-06,1.0,3063 HULL AVENUE OWNE,27.0,27.0,1.0,5.0,65900.0,732000.0,29655.0,306270.0,29655.0,329400.0,,0.0
2037120037,5000000,0.053,0.03665,40.825811,-73.88014100000002,2023393.0,2018-04-27,1.0,WATSON REALTY LLC,48.0,48.0,1.0,3.0,300000.0,1040000.0,135000.0,540900.0,135000.0,468000.0,,0.0
2039260024,9300000,0.04046,0.034260000000000006,40.839697,-73.865894,2028716.0,2018-09-06,1.0,"ADBAR REALTY 1562,",53.0,53.0,1.0,5.0,110000.0,1480000.0,49500.0,660440.0,49500.0,666000.0,,0.0
2039260031,8525000,0.03946,0.034260000000000006,40.840063,-73.866078,2028717.0,2018-09-06,1.0,"ADBAR REALTY 1580, LL",50.0,50.0,1.0,5.0,110000.0,1430000.0,49500.0,606605.0,49500.0,643500.0,,0.0
2039850033,8710000,0.04789,0.034260000000000006,40.840079,-73.846179,2041895.0,2018-09-06,1.0,G AND I DEVELOPMENT C,46.0,46.0,1.0,6.0,122000.0,850000.0,54900.0,454500.0,54900.0,382500.0,,0.0
2039970023,2625000,0.05565,0.03665,40.841714,-73.852232,2042237.0,2018-05-07,1.0,,,,,,,,,,,,,
2041580034,4550000,0.029810000000000007,0.034260000000000006,40.844438,-73.832825,2045879.0,2018-09-13,0.0,MATA REALTY INC.,21.0,21.0,1.0,5.0,52800.0,564000.0,23760.0,257220.0,23760.0,253800.0,,0.0
2042380015,5500000,0.02457,0.034260000000000006,40.851653000000006,-73.82863499999998,2047437.0,2018-07-31,0.0,BEREPE CORP,26.0,26.0,1.0,4.0,87900.0,781000.0,39555.0,280530.0,39555.0,351450.0,,0.0
2043170019,17500000,0.02422,0.034260000000000006,40.856665,-73.875798,2000000.0,2018-08-22,0.0,BRONX RIVER MANAGEMEN,71.0,71.0,1.0,6.0,220000.0,2070000.0,99000.0,909000.0,99000.0,931500.0,,0.0
2043180030,13000000,0.02822,0.034260000000000006,40.856265,-73.866649,2049398.0,2018-08-22,0.0,PELHAM PARKWAY MANAGE,61.0,61.0,1.0,6.0,201000.0,1960000.0,90450.0,834300.0,90450.0,882000.0,EEEE,861300.0
2043190025,22500000,0.02635,0.034260000000000006,40.856317,-73.86662700000002,2049406.0,2018-08-22,0.0,CID-SAM MANAGEMENT CO,88.0,88.0,1.0,6.0,264000.0,3020000.0,118800.0,1389400.0,118800.0,1359000.0,E,0.0
2044360027,8500000,0.037610000000000005,0.034260000000000006,40.863152,-73.864339,2051421.0,2018-09-28,1.0,"N.B.G.ASSOCIATES,INC.",48.0,48.0,1.0,6.0,135000.0,1050000.0,59670.0,468990.0,60750.0,472500.0,,0.0
2045700032,10000000,0.03681,0.034260000000000006,40.870151,-73.86431800000003,2055615.0,2018-09-28,1.0,"NDG MANAGEMENT CO., I",60.0,60.0,1.0,6.0,110000.0,1790000.0,49500.0,800900.0,49500.0,805500.0,,0.0
2046790073,2300000,0.02337,0.03665,40.883448,-73.857232,2058602.0,2018-06-28,0.0,SAKO MANAGEMENT LLC,13.0,13.0,1.0,3.0,48100.0,384000.0,21645.0,162540.0,21645.0,172800.0,,0.0
2047590019,3327720,0.07272,0.034260000000000006,40.871432,-73.846479,2061682.0,2018-08-10,1.0,"SINCKLER, INC.",16.0,16.0,1.0,4.0,39900.0,564000.0,17955.0,321210.0,17955.0,253800.0,,0.0
2048450031,9360000,0.036910000000000005,0.034260000000000006,40.89185,-73.857488,2063675.0,2018-09-06,1.0,711 EAST 231ST STREET,54.0,54.0,1.0,6.0,133000.0,1780000.0,59850.0,762200.0,59850.0,801000.0,,0.0
2050670040,3327720,0.03432,0.034260000000000006,40.900131,-73.855459,2070625.0,2018-08-10,1.0,SINCKLER INC,22.0,22.0,1.0,4.0,66400.0,567000.0,29880.0,400860.0,29880.0,255150.0,,0.0
2058141202,4500000,0.03936,0.03665,40.894524,-73.89655400000002,2084353.0,2018-05-31,1.0,NORA MOYNIHAN,30.0,30.0,1.0,6.0,110000.0,1070000.0,49500.0,410220.0,49500.0,481500.0,,0.0
3003510007,2300000,0.05793,0.03671,40.682145,-73.997718,3004802.0,2018-04-20,1.0,"SPANAKOS, GEORGE M",12.0,12.0,1.0,5.0,38500.0,890000.0,17325.0,327510.0,17325.0,400500.0,,0.0
3003510007,2300000,0.05793,0.03671,40.682145,-73.997718,3004802.0,2018-04-20,1.0,"SPANAKOS, GEORGE M",12.0,12.0,1.0,5.0,38500.0,890000.0,17325.0,327510.0,17325.0,400500.0,,0.0
3008080025,4000000,0.02163,0.03538,40.643325,-74.010407,3013956.0,2018-09-26,0.0,548 52 STREET LLC,23.0,23.0,1.0,4.0,52800.0,464000.0,23760.0,160470.0,23760.0,208800.0,,0.0
3009990038,6500000,0.03985,0.03671,40.669108,-73.98306099999998,3021908.0,2018-04-24,1.0,PARK 400 CORP,17.0,17.0,1.0,4.0,82200.0,928000.0,36990.0,326970.0,36990.0,417600.0,,0.0
3010150043,81240000,0.02529,0.03671,40.669409,-73.990238,3424516.0,2018-05-24,0.0,,,,,,,,,,,,,
3011430035,8600000,0.05549,0.03538,40.680371,-73.972815,3392324.0,2018-07-30,1.0,528 BERGEN STREET LLC,21.0,21.0,1.0,5.0,225000.0,510000.0,69606.0,197856.0,101250.0,229500.0,   E,270387.0
3012230066,3620689,0.02347,0.03671,40.674672,-73.940102,3030846.0,2018-05-15,0.0,"947 ST. MARKS D, LLC",16.0,16.0,1.0,4.0,51100.0,333000.0,20250.0,113850.0,22995.0,149850.0,,0.0
3012230069,3379310,0.02748,0.03671,40.674688,-73.940376,3030848.0,2018-05-15,0.0,"939 ST. MARKS D, LLC",16.0,16.0,1.0,4.0,51100.0,427000.0,20709.0,160560.0,22995.0,192150.0,,0.0
3012340005,8650000,0.01988,0.03538,40.674275,-73.949526,3031229.0,2018-09-21,0.0,SPADO RLTY CORP%GERAR,21.0,16.0,1.0,4.0,81900.0,687000.0,36855.0,302976.0,36855.0,309150.0,,0.0
3012430068,6025000,0.03004,0.03671,40.672192,-73.943871,3031680.0,2018-05-03,0.0,IRENE J CHARLES,16.0,16.0,1.0,4.0,54800.0,821000.0,21240.0,277650.0,24660.0,369450.0,,0.0
3012870033,18400000,0.01747,0.03538,40.667636,-73.957054,3033788.0,2018-07-24,0.0,BEERSHEVA REALTY CORP,46.0,46.0,1.0,6.0,119000.0,1310000.0,53550.0,601600.0,53550.0,589500.0,,0.0
3013680051,1850000,0.04562,0.03538,40.67247800000001,-73.92521500000002,3036312.0,2018-09-07,1.0,RHEA MURRAY,12.0,12.0,1.0,2.0,54000.0,463000.0,21294.0,167040.0,24300.0,208350.0,,0.0
3014200020,11450000,0.029960000000000007,0.03671,40.665155,-73.930176,3038309.0,2018-06-22,0.0,CROWN STREET MANAGEME,47.0,47.0,1.0,6.0,142000.0,1120000.0,63900.0,661950.0,63900.0,504000.0,,0.0
3014730051,3900000,0.03447,0.03671,40.669223,-73.921408,3039507.0,2018-06-27,0.0,1671 LINCOLN LLC,16.0,16.0,1.0,4.0,22100.0,494000.0,9945.0,173480.0,9945.0,222300.0,,0.0
3016170057,15200000,0.026160000000000003,0.03538,40.690975,-73.92884000000002,3043904.0,2018-07-09,0.0,RUSSELL REALTY GROUP,55.0,55.0,1.0,6.0,96500.0,1390000.0,43425.0,629100.0,43425.0,625500.0,,0.0
3017340052,3000000,0.03804,0.03538,40.695361,-73.95628599999998,3048427.0,2018-07-24,1.0,SAM ONE REALTY LLC,17.0,17.0,1.0,4.0,10300.0,365000.0,4635.0,163170.0,4635.0,164250.0,,0.0
3020140031,12100000,0.032780000000000004,0.03538,40.682418,-73.961854,3425179.0,2018-08-01,0.0,976 FULTON STREET LLC,1.0,0.0,1.0,1.0,28100.0,214000.0,12645.0,85321.0,12645.0,96300.0,,0.0
3039090008,5750000,0.03392,0.03538,40.6836,-73.885595,3086553.0,2018-07-10,0.0,GHAZI BOKHARI,28.0,28.0,1.0,4.0,44900.0,347000.0,20205.0,241830.0,20205.0,156150.0,,0.0
3039180032,5125000,0.04377,0.03671,40.68009,-73.892196,3086843.0,2018-06-19,1.0,ARLINGTON LODGE LLC,28.0,28.0,1.0,4.0,40000.0,684000.0,18000.0,312750.0,18000.0,307800.0,,0.0
3040380015,1875000,0.05578,0.03538,40.67299600000001,-73.879427,3089610.0,2018-08-14,1.0,816 BELMONT REALTY,12.0,12.0,1.0,3.0,12900.0,291000.0,5805.0,108900.0,5805.0,130950.0,,0.0
3046260006,7210000,0.03167,0.03538,40.659564,-73.926199,3100381.0,2018-07-02,0.0,VALLEYBROOK REALTY GR,45.0,39.0,1.0,4.0,150000.0,983000.0,67500.0,454050.0,67500.0,442350.0,,0.0
3046780026,4825000,0.03047,0.03671,40.652879,-73.927587,3102215.0,2018-06-21,0.0,GRUSHKO TOBY,27.0,27.0,1.0,4.0,100000.0,587000.0,45000.0,257220.0,45000.0,264150.0,,0.0
3047000042,5300000,0.0425,0.03671,40.650244,-73.928119,3334397.0,2018-04-04,1.0,5201 SNYDER AVENUE AS,35.0,35.0,1.0,4.0,120000.0,650000.0,54000.0,430650.0,54000.0,292500.0,EEEE,0.0
3047270016,3900000,0.02916,0.03671,40.649918,-73.92437199999998,3104010.0,2018-05-17,0.0,SMITH TREVOR,24.0,24.0,1.0,4.0,90000.0,1130000.0,40500.0,368820.0,40500.0,508500.0,,0.0
3048370089,12800000,0.04046,0.03538,40.654203,-73.94926,3107786.0,2018-07-10,1.0,297 LENOX REALTY CO,66.0,66.0,1.0,6.0,264000.0,1560000.0,118800.0,792900.0,118800.0,702000.0,,0.0
3048680083,1000000,0.15955,0.03538,40.651749,-73.94882199999998,3108536.0,2018-08-22,1.0,WILMAUD REALTY CORP,28.0,28.0,1.0,4.0,110000.0,477000.0,49500.0,286740.0,49500.0,214650.0,,0.0
3048990008,11500000,0.04283,0.03538,40.651124,-73.934234,3109903.0,2018-07-02,1.0,428 E 46TH ST LLC,57.0,50.0,1.0,6.0,158000.0,1240000.0,71100.0,680300.0,71100.0,558000.0,,0.0
3050630017,10262870,0.02736,0.03671,40.653633,-73.960616,3116157.0,2018-06-14,0.0,21 EAST 21 LLC,49.0,49.0,1.0,6.0,229000.0,1150000.0,73620.0,504270.0,103050.0,517500.0,,0.0
3050630023,8587220,0.0327,0.03671,40.653812,-73.96064799999998,3116159.0,2018-06-14,0.0,21 EAST 21 LLC,41.0,41.0,1.0,6.0,236000.0,912000.0,75690.0,523220.0,106200.0,410400.0,,0.0
3050650030,14400000,0.02087,0.03671,40.655119,-73.955004,3116228.0,2018-06-13,0.0,FIMS REALTY CORP,59.0,59.0,1.0,6.0,504000.0,1070000.0,162000.0,648000.0,226800.0,481500.0,,0.0
3050860050,8500000,0.03325,0.03538,40.651774,-73.955961,3116715.0,2018-07-02,0.0,2150 REALTY CORP,47.0,47.0,1.0,5.0,261000.0,1120000.0,90270.0,487530.0,117450.0,504000.0,,0.0
3051010041,3465000,0.05115,0.03671,40.647976,-73.95956,3117146.0,2018-05-30,1.0,"JOHN, AS TRUSTEE, LIS",24.0,24.0,1.0,4.0,108000.0,1520000.0,45225.0,439020.0,48600.0,684000.0,,0.0
3051940025,22200000,0.047560000000000005,0.03538,40.642085,-73.94962199999998,3119976.0,2018-07-30,1.0,346 E 29,65.0,65.0,1.0,7.0,356000.0,1180000.0,160200.0,845100.0,160200.0,531000.0,,0.0
3052090024,3310000,0.04243,0.03671,40.639342,-73.9554,3120307.0,2018-04-12,1.0,2317 NEWKIRK AVENUE L,14.0,14.0,1.0,4.0,61800.0,408000.0,27810.0,178650.0,27810.0,183600.0,,0.0
3052340016,7400000,0.03146,0.03538,40.634608,-73.96413299999998,3121114.0,2018-08-30,0.0,"RUGBY REALTY, LLC",31.0,31.0,1.0,4.0,194000.0,638000.0,87300.0,294300.0,87300.0,287100.0,,0.0
3053280023,18300000,0.03145,0.03538,40.647116,-73.975124,3124302.0,2018-08-28,0.0,LEV REALTY ASSOCIATES,54.0,54.0,1.0,6.0,524000.0,1730000.0,235800.0,841500.0,235800.0,778500.0,,0.0
3053750072,10650000,0.02326,0.03671,40.639743,-73.97340799999998,3126223.0,2018-04-26,0.0,377 RLTY ASSOCIATES,46.0,46.0,1.0,4.0,328000.0,779000.0,147600.0,425517.0,147600.0,350550.0,,0.0
3054200058,2050000,0.13804,0.03538,40.63184,-73.97193100000001,3127823.0,2018-08-24,1.0,690 OCEAN PKWY,41.0,41.0,1.0,6.0,309000.0,1120000.0,139050.0,518800.0,139050.0,504000.0,,0.0
3056770025,1667500,0.17612,0.03538,40.631547,-73.993922,3139420.0,2018-08-24,1.0,1350 54TH ST,35.0,35.0,1.0,6.0,241000.0,940000.0,88200.0,382100.0,108450.0,423000.0,,0.0
3056850041,15000000,0.03403,0.03538,40.628879,-73.991354,3139816.0,2018-09-04,0.0,"WEINSTOCK REALTY, LLC",52.0,52.0,1.0,6.0,381000.0,1520000.0,139050.0,806400.0,171450.0,684000.0,,0.0
3057330049,3100000,0.03597,0.03671,40.626324,-73.998941,3141643.0,2018-06-20,0.0,J & Y REALTY LLC,21.0,21.0,1.0,4.0,128000.0,509000.0,46746.0,225990.0,57600.0,229050.0,,0.0
3057360065,4000000,0.02265,0.03671,40.630957,-74.008117,3141715.0,2018-04-30,0.0,DROGARIS STEVEN,16.0,16.0,1.0,4.0,120000.0,295000.0,40617.0,147960.0,54000.0,132750.0,,0.0
3058890037,2282550,0.14837999999999998,0.03538,40.634736,-74.02940699999998,3146477.0,2018-08-24,1.0,7100 RIDGE BLVD,41.0,41.0,1.0,6.0,345000.0,1110000.0,155250.0,496710.0,155250.0,499500.0,,0.0
3061070025,8025000,0.0326,0.03671,40.618148,-74.03164,3155252.0,2018-06-14,0.0,"MAFREDAS, DENNIS",40.0,40.0,1.0,5.0,140000.0,756000.0,63000.0,475200.0,63000.0,340200.0,,0.0
3063260089,3290000,0.03565,0.03671,40.608373,-74.002852,3165145.0,2018-06-14,0.0,SIENA SQUARE INC,16.0,16.0,1.0,4.0,54000.0,389000.0,24300.0,170730.0,24300.0,175050.0,,0.0
3064140034,1990000,0.05754,0.03671,40.600243,-73.996824,3168012.0,2018-06-14,1.0,SIENA SQUARE INC,15.0,15.0,1.0,4.0,51400.0,311000.0,23130.0,145710.0,23130.0,139950.0,,0.0
3065310006,16000000,0.02957,0.03538,40.624675,-73.965918,3171268.0,2018-08-01,0.0,AVENUE J REALTY ASSOC,48.0,40.0,1.0,6.0,635000.0,2130000.0,285750.0,937200.0,285750.0,958500.0,,0.0
3065520008,6100000,0.02901,0.03538,40.614918,-73.980298,3172183.0,2018-08-28,0.0,7814 13TH AVENUE LLC,27.0,27.0,1.0,4.0,236000.0,651000.0,106200.0,290610.0,106200.0,292950.0,,0.0
3066320001,2200000,0.05011,0.03671,40.608708,-73.9739,3175875.0,2018-05-31,1.0,1601 DAHILL PROPERTIE,12.0,9.0,1.0,4.0,75000.0,282000.0,33750.0,155250.0,33750.0,126900.0,,0.0
3067730012,15000000,0.02806,0.03538,40.61398300000001,-73.94775600000001,3182257.0,2018-08-29,0.0,2626 KINGS HIGHWAY,48.0,48.0,1.0,6.0,392000.0,1090000.0,176400.0,562500.0,176400.0,490500.0,,0.0
3068010056,27700000,0.027610000000000003,0.03538,40.606932,-73.955015,3183160.0,2018-08-28,0.0,LEV REALTY ASSOCIATES,96.0,96.0,1.0,6.0,867000.0,3140000.0,390150.0,1704200.0,390150.0,1413000.0,,0.0
3071940028,15700000,0.04641,0.03671,40.58906500000001,-73.970905,3195094.0,2018-06-06,1.0,GIDINA PARTNERS LLC,72.0,72.0,1.0,6.0,781000.0,1910000.0,351450.0,1000800.0,351450.0,859500.0,,0.0
3073960053,31900000,0.03768,0.03538,40.592674,-73.959158,3201730.0,2018-09-20,1.0,BERKSHIRE ASSS,121.0,121.0,1.0,6.0,1420000.0,5010000.0,639000.0,2253800.0,639000.0,2254500.0,,0.0
3087650027,8800000,0.028030000000000003,0.03671,40.58455900000001,-73.955609,3246948.0,2018-05-15,0.0,FUNDED ESTATES ASSOC,37.0,37.0,1.0,3.0,565000.0,1630000.0,254250.0,624600.0,254250.0,733500.0,,0.0
4000850041,14494974,0.27751,0.03129,40.745225,-73.94427900000002,4000717.0,2018-06-06,1.0,"ROSNER, MOSES",0.0,0.0,0.0,0.0,701000.0,701000.0,229860.0,229860.0,315450.0,315450.0,,0.0
4003240001,4750000,0.02566,0.03129,40.763382,-73.94039699999998,4003841.0,2018-06-20,0.0,PAN REAL ESTATE DBA,16.0,15.0,1.0,4.0,47200.0,552000.0,21240.0,559440.0,21240.0,248400.0,,0.0
4005700024,8400000,0.03985,0.0325,40.767232,-73.928119,4006691.0,2018-07-31,1.0,,,,,,,,,,,,,
4005940031,5560000,0.0306,0.03129,40.76902000000001,-73.921984,4007670.0,2018-05-24,0.0,LEMBO MICHAEL,16.0,16.0,1.0,4.0,133000.0,340000.0,59850.0,165420.0,59850.0,153000.0,,0.0
4008420064,11000000,0.03814,0.0325,40.774852,-73.91409499999997,4017497.0,2018-07-31,1.0,ROBERT J COSTELLO,23.0,18.0,1.0,4.0,174000.0,1140000.0,78300.0,404820.0,78300.0,513000.0,,0.0
4010880058,4700000,0.04674,0.0325,40.767207,-73.875918,4023715.0,2018-08-29,1.0,LEGEND REALTY DEVELOP,38.0,38.0,1.0,2.0,303000.0,1270000.0,136350.0,564400.0,136350.0,571500.0,,0.0
4012160080,3300000,0.03404,0.0325,40.748745,-73.90079300000002,4027859.0,2018-07-25,1.0,K PENG RLTY CORP,16.0,16.0,1.0,4.0,76700.0,484000.0,34515.0,194580.0,34515.0,217800.0,,0.0
4015640043,3650000,0.052729999999999985,0.0325,40.746593,-73.872914,4039101.0,2018-09-07,1.0,FRANK ARAGONA,20.0,20.0,1.0,4.0,294000.0,582000.0,132300.0,304740.0,132300.0,261900.0,,0.0
4015660021,36000000,0.02419,0.03129,40.746138,-73.873719,4039157.0,2018-06-21,0.0,41-40 DENMAN STREETCO,122.0,122.0,1.0,6.0,545000.0,4880000.0,245250.0,2112900.0,245250.0,2196000.0,,0.0
4015760001,4900000,0.02625,0.03129,40.744447,-73.873524,4039370.0,2018-04-13,0.0,BANOMATTIE BALKARAN,20.0,20.0,1.0,4.0,125000.0,804000.0,56250.0,352670.0,56250.0,361800.0,,0.0
4019500178,2800000,0.06727000000000001,0.03129,40.738055,-73.855522,4534511.0,2018-04-26,1.0,HILLSIDE OTIS REALTY,12.0,12.0,1.0,4.0,175000.0,175000.0,34819.0,34819.0,78750.0,78750.0,,0.0
4022890020,6300000,0.017759999999999998,0.03129,40.738997,-73.920467,4053015.0,2018-04-26,0.0,48-11 45TH R.E. MANAG,23.0,23.0,1.0,4.0,184000.0,1210000.0,82800.0,285210.0,82800.0,544500.0,,0.0
4050400027,40400000,0.02584,0.03129,40.755238,-73.831858,4114214.0,2018-06-21,0.0,SANFORD TERRACE ASSOC,128.0,128.0,1.0,6.0,652000.0,5720000.0,293400.0,2510100.0,293400.0,2574000.0,,0.0
4050460037,13300000,0.02943,0.03129,40.758689,-73.82489699999998,4114654.0,2018-05-21,0.0,G HATTAN INC,50.0,50.0,1.0,6.0,198000.0,1560000.0,89100.0,778500.0,89100.0,702000.0,,0.0
4051020029,10500000,0.04017,0.03129,40.754383,-73.83045899999998,4115090.0,2018-05-29,1.0,MICHO REALTY LLC,35.0,35.0,1.0,6.0,345000.0,616000.0,117990.0,418320.0,155250.0,277200.0,,0.0
4062420030,4800000,0.01659,0.03129,40.765254,-73.769856,4137639.0,2018-04-30,0.0,"TAN REALTY 214, LLC",12.0,12.0,1.0,2.0,79600.0,275000.0,35820.0,129060.0,35820.0,123750.0,EEEE,33030.0
4104750350,10208334,0.02805,0.03129,40.713505,-73.75800500000003,4222673.0,2018-06-26,0.0,F STARK,91.0,91.0,1.0,3.0,347000.0,1920000.0,156150.0,735300.0,156150.0,864000.0,,0.0
4104760007,9041666,0.01866,0.03129,40.713505,-73.757002,4222698.0,2018-06-26,0.0,F STARK,42.0,42.0,1.0,3.0,145000.0,838000.0,65250.0,341730.0,65250.0,377100.0,,0.0
4157440007,19100000,0.03037,0.0325,40.599573,-73.76421500000002,4300850.0,2018-08-15,0.0,FRISBEN REALTY CORP,107.0,107.0,1.0,6.0,380000.0,2570000.0,171000.0,1233900.0,171000.0,1156500.0,,0.0
